{
  "interferometric": {
    "0.3": {
      "mean_mse": 0.08744075894355774,
      "std_mse": 0.3220623731613159,
      "mean_corr": 0.16292187571525574,
      "std_corr": -0.0033661862835288048
    },
    "0.7": {
      "mean_mse": 0.08742853999137878,
      "std_mse": 0.3220614492893219,
      "mean_corr": 0.16293366253376007,
      "std_corr": -0.0033685199450701475
    },
    "1.0": {
      "mean_mse": 0.08741779625415802,
      "std_mse": 0.3220605254173279,
      "mean_corr": 0.16294309496879578,
      "std_corr": -0.0033702882938086987
    },
    "1.5": {
      "mean_mse": 0.08741363137960434,
      "std_mse": 0.3220626711845398,
      "mean_corr": 0.16292105615139008,
      "std_corr": -0.003386569442227483
    },
    "3.0": {
      "mean_mse": 0.08733796328306198,
      "std_mse": 0.3220576345920563,
      "mean_corr": 0.163010373711586,
      "std_corr": -0.0033793661277741194
    }
  },
  "mri": {
    "2.0": {
      "actual_acceleration": 2.0,
      "within_4sigma_pct": 100.0,
      "within_2sigma_pct": 89.0625,
      "rmse": 0.4589942991733551,
      "mean_std": 0.5365375876426697,
      "error_std_corr": -0.12614378333091736
    },
    "4.0": {
      "actual_acceleration": 2.2857142857142856,
      "within_4sigma_pct": 100.0,
      "within_2sigma_pct": 93.75,
      "rmse": 0.4542067050933838,
      "mean_std": 0.544869065284729,
      "error_std_corr": -0.031094880774617195
    },
    "8.0": {
      "actual_acceleration": 2.2857142857142856,
      "within_4sigma_pct": 100.0,
      "within_2sigma_pct": 93.75,
      "rmse": 0.4542067050933838,
      "mean_std": 0.544869065284729,
      "error_std_corr": -0.031094880774617195
    }
  }
}