{
  "gaussian_mixture": {
    "0.1": 2.0885136127471924,
    "0.3": 1.1874009370803833,
    "0.5": 0.877092182636261,
    "0.7": 0.7417105436325073,
    "1.0": 0.05006008595228195,
    "1.5": 0.15218542516231537,
    "2.0": 0.365055114030838,
    "3.0": 0.9574150443077087,
    "5.0": 2.230405807495117,
    "10.0": 5.77866268157959
  },
  "bowtie": {
    "0.1": 2.2193968296051025,
    "0.3": 0.9599193334579468,
    "0.5": 0.3525116741657257,
    "0.7": 0.10190733522176743,
    "1.0": 0.018942438066005707,
    "1.5": 0.17585653066635132,
    "2.0": 0.4874691963195801,
    "3.0": 1.2325119972229004,
    "5.0": 2.887328624725342,
    "10.0": 7.386635780334473
  },
  "sinusoidal": {
    "0.1": 1.4147104024887085,
    "0.3": 0.5192922949790955,
    "0.5": 0.2338046431541443,
    "0.7": 0.09673210978507996,
    "1.0": 0.04999755322933197,
    "1.5": 0.08219614624977112,
    "2.0": 0.2671162486076355,
    "3.0": 0.7997424602508545,
    "5.0": 3.5202784538269043,
    "10.0": 8.764261245727539
  }
}